ID,Job ID,Title,Severity,Description,CVE,CVSS Score,Remediation,Created At
12e93581-9b3d-4e50-bf87-545de4be59a7,83f67958-db43-4457-b893-abd9693c426f,OSINT reconnaissance completed,info,theHarvester found approximately 1 email addresses and other OSINT data. Check artifacts for details.,,,Review the complete output file for detailed findings.,2026-05-14T17:01:52.155721
750f891b-1a24-45ee-9658-fa915d447f95,199191a3-12b6-40c1-a7f8-b5048138573c,Credentials captured: root,critical,"Ettercap captured plaintext credentials:

Username: root
Password: toor
Protocol: Telnet
Target: telnet://192.168.145.133:23",,,,2026-05-14T16:24:49.723192
d193d4d7-826b-4db9-9c54-2921eb40a395,199191a3-12b6-40c1-a7f8-b5048138573c,Credentials captured: testuser,critical,"Ettercap captured plaintext credentials:

Username: testuser
Password: Test2024!
Protocol: HTTP
Target: http://192.168.145.133/login",,,,2026-05-14T16:24:49.723191
5bf03f50-db5c-4a35-919c-9f7624bd0aef,199191a3-12b6-40c1-a7f8-b5048138573c,Credentials captured: admin,critical,"Ettercap captured plaintext credentials:

Username: admin
Password: password123
Protocol: FTP
Target: ftp://192.168.145.133:21",,,,2026-05-14T16:24:49.723189
b876b621-7c5c-4ac3-9dfb-801f9e986f9a,7611bb33-1d21-4617-906f-86d4256ad638,WiFi password cracked: SecurePass2024,critical,"Aircrack-ng successfully cracked the WPA/WPA2 password: **SecurePass2024**

This demonstrates the network is vulnerable to dictionary attacks.",,,,2026-05-14T15:50:14.871110
4895025a-c1c8-498b-a2a5-cb7ed99fd197,dccc457e-05c7-4eb4-b001-b66eaad46828,Vulnerabilities identified (2),medium,Metasploit identified 2 potential vulnerabilities.,,,,2026-05-14T14:09:18.770918
9256e145-b545-4d9e-a35b-39eda858a279,dccc457e-05c7-4eb4-b001-b66eaad46828,Active sessions opened (3),high,Metasploit opened 3 shell/meterpreter sessions.,,,,2026-05-14T14:09:18.770917
e5473861-cdd0-4c70-ac54-1bd34caf004d,dccc457e-05c7-4eb4-b001-b66eaad46828,Successful exploits (2),critical,Metasploit successfully exploited 2 targets.,,,,2026-05-14T14:09:18.770914
50679189-1045-4e9e-a533-7236d6c582b0,440cef25-b957-4807-8e0b-1e53b8bdc896,Active sessions opened (1),high,Metasploit opened 1 shell/meterpreter sessions.,,,,2026-05-14T11:36:37.687922
b86f701d-8d48-4de7-b6dd-d752416d30b8,3cfeaae5-6392-4218-a4ba-8374d0482aff,Identified 1 language technologies,low,"**LANGUAGE**

- PHP 5.2.4-2ubuntu5.10",,,Review exposed technologies for known vulnerabilities. Consider hiding version information.,2026-05-14T10:14:04.193699
c988ba15-2eaf-4f9b-ad5d-35964961287f,3cfeaae5-6392-4218-a4ba-8374d0482aff,Identified 6 other technologies,low,"**OTHER**

- Country (RESERVED)
- HTTPServer (Apache/2.2.8 (Ubuntu) DAV/2)
- IP (192.168.200.133)
- Title (Metasploitable2 - Linux)
- WebDAV 2
- X-Powered-By (PHP/5.2.4-2ubuntu5.10)",,,Review exposed technologies for known vulnerabilities. Consider hiding version information.,2026-05-14T10:14:04.193698
b16845ff-9282-47cd-9906-68308a303e25,3cfeaae5-6392-4218-a4ba-8374d0482aff,Identified 1 web_server technologies,low,"**WEB_SERVER**

- Apache 2.2.8",,,Review exposed technologies for known vulnerabilities. Consider hiding version information.,2026-05-14T10:14:04.193698
4c6dae8d-20cf-4c39-bd55-9862fa42b16a,3cfeaae5-6392-4218-a4ba-8374d0482aff,Web fingerprinting completed: 8 technologies identified,info,"WhatWeb identified 8 technologies on http://192.168.200.133:

- Web_server: 1 items
- Other: 6 items
- Language: 1 items",,,Review all identified technologies for security implications.,2026-05-14T10:14:04.193696
8ca3c72e-ffc3-486e-9cc1-6a03b5da420f,34463da2-593f-4336-9a72-be4d67557fdc,Identified 1 language technologies,low,"**LANGUAGE**

- PHP 5.2.4-2ubuntu5.10",,,Review exposed technologies for known vulnerabilities. Consider hiding version information.,2026-05-14T10:13:51.423123
81068759-7214-4b2d-8273-510ad40cf44c,34463da2-593f-4336-9a72-be4d67557fdc,Identified 6 other technologies,low,"**OTHER**

- Country (RESERVED)
- HTTPServer (Apache/2.2.8 (Ubuntu) DAV/2)
- IP (192.168.200.133)
- Title (Metasploitable2 - Linux)
- WebDAV 2
- X-Powered-By (PHP/5.2.4-2ubuntu5.10)",,,Review exposed technologies for known vulnerabilities. Consider hiding version information.,2026-05-14T10:13:51.423121
549ad4a3-a967-4bf5-a11e-1f488024eeee,34463da2-593f-4336-9a72-be4d67557fdc,Identified 1 web_server technologies,low,"**WEB_SERVER**

- Apache 2.2.8",,,Review exposed technologies for known vulnerabilities. Consider hiding version information.,2026-05-14T10:13:51.423120
b69d9d53-3c01-4cf2-acfa-e273887cacfe,34463da2-593f-4336-9a72-be4d67557fdc,Web fingerprinting completed: 8 technologies identified,info,"WhatWeb identified 8 technologies on http://192.168.200.133:

- Web_server: 1 items
- Other: 6 items
- Language: 1 items",,,Review all identified technologies for security implications.,2026-05-14T10:13:51.423116
3b90fe6d-9b21-42b0-9025-6a9ece64ff9b,9a19c29b-4c53-4603-83d1-adf1ccdd8a14,Identified 7 other technologies,info,"**OTHER**

- Allow
- Country (RESERVED)
- HTML5
- HTTPServer (cloudflare)
- IP (172.66.147.243)
- Title (Example Domain)
- UncommonHeaders (cf-cache-status,cf-ray)",,,Review exposed technologies for known vulnerabilities. Consider hiding version information.,2026-05-14T10:09:22.822913
ab7dd88b-b2c7-4545-bbe0-5f878b6891b0,9a19c29b-4c53-4603-83d1-adf1ccdd8a14,Web fingerprinting completed: 7 technologies identified,info,"WhatWeb identified 7 technologies on http://example.com:

- Other: 7 items",,,Review all identified technologies for security implications.,2026-05-14T10:09:22.822911
95b4bb28-82e7-4b01-aeae-5ec4ec8bdad1,4e843880-6262-4da6-be58-7f8d31d9fa4e,Discovered 22249 subdomains,info,"Subfinder discovered 22249 unique subdomains:

Sources breakdown:
- anubis: 22247 subdomains
- hackertarget: 1 subdomains
- crtsh: 1 subdomains

Subdomains:
- alexpigs860.example.com (via anubis)
- dr",,,Review discovered subdomains for unintended exposure or forgotten assets.,2026-05-14T09:55:53.979131
bd3b4eb0-e1b6-49a7-8b57-0baa9d065ecd,088241a3-8741-4325-8262-52e665b21d84,Valid credentials found (1),critical,Hydra successfully brute-forced 1 credential(s) on ftp. Weak passwords detected.,,,,2026-05-13T14:25:17.006972
d6fce455-0b53-442c-b269-6a6db262fa81,b84de3e8-6c75-4f64-8e6b-3d247748d705,OSINT reconnaissance completed,info,theHarvester found approximately 1 email addresses and other OSINT data. Check artifacts for details.,,,,2026-05-13T12:29:10.472953
8baf605e-37f9-4ab5-b757-1624c36564c6,cfd822d3-5d40-4903-9500-6b85905eb103,Potential SQL Injection detected on http://192.168.145.102/test_sqli.php?id=1,high,"SQLmap detected potential SQL injection vulnerabilities, but could not identify specific vulnerable parameters. Manual verification recommended.",,,Review application code for SQL injection vulnerabilities. Use parameterized queries and input validation.,2026-05-13T10:51:46.682489
4508e735-e3c8-4846-afa3-1ee616cfb29a,52a9aa8d-ac02-48d3-8b0b-054376762cae,FTP Service - Credential Weakness - 192.168.145.102:21,high,An FTP service was accessed with easily guessed credentials.,,,"Review the vulnerability details and apply security patches.

References:
- https://docs.microsoft.com/en-us/iis/configuration/system.applicationhost/sites/sitedefaults/ftpserver/security/authenticati",2026-05-13T10:51:33.919750
671f6db6-8f5b-4d1b-a331-ca7e2d327b20,52a9aa8d-ac02-48d3-8b0b-054376762cae,FTP Service - Credential Weakness - 192.168.145.102:21,high,An FTP service was accessed with easily guessed credentials.,,,"Review the vulnerability details and apply security patches.

References:
- https://docs.microsoft.com/en-us/iis/configuration/system.applicationhost/sites/sitedefaults/ftpserver/security/authenticati",2026-05-13T10:51:33.919749
a42d3635-ad3d-43a2-ac46-32aa689fc67d,52a9aa8d-ac02-48d3-8b0b-054376762cae,FTP Anonymous Login - 192.168.145.102:21,medium,"Anonymous FTP access allows anyone to access your public_ftp folder, allowing unidentified visitors to download (and possibly upload) files on your website. Anonymous FTP creates the potential for a s",,,"Review the vulnerability details and apply security patches.

References:
- https://tools.ietf.org/html/rfc2577",2026-05-13T10:51:33.919749
9442d4f1-3da0-4614-8dba-409af4984422,52a9aa8d-ac02-48d3-8b0b-054376762cae,PostgreSQL List Users - 192.168.145.102:5432,high,"List users from Postgresql Database.
",,,"Review the vulnerability details and apply security patches.

References:
- https://github.com/swisskyrepo/payloadsallthethings/blob/master/sql%20injection/postgresql%20injection.md#postgresql-list-us",2026-05-13T10:51:33.919748
bf0b54d4-c916-4274-a5c7-99c1052f068c,52a9aa8d-ac02-48d3-8b0b-054376762cae,FTP Service - Credential Weakness - 192.168.145.102:21,high,An FTP service was accessed with easily guessed credentials.,,,"Review the vulnerability details and apply security patches.

References:
- https://docs.microsoft.com/en-us/iis/configuration/system.applicationhost/sites/sitedefaults/ftpserver/security/authenticati",2026-05-13T10:51:33.919748
655bf22b-177d-43b3-b19c-e533654160fb,52a9aa8d-ac02-48d3-8b0b-054376762cae,FTP Service - Credential Weakness - 192.168.145.102:21,high,An FTP service was accessed with easily guessed credentials.,,,"Review the vulnerability details and apply security patches.

References:
- https://docs.microsoft.com/en-us/iis/configuration/system.applicationhost/sites/sitedefaults/ftpserver/security/authenticati",2026-05-13T10:51:33.919747
bc990966-c2e0-4aca-85af-acf999f534d9,52a9aa8d-ac02-48d3-8b0b-054376762cae,FTP Service - Credential Weakness - 192.168.145.102:21,high,An FTP service was accessed with easily guessed credentials.,,,"Review the vulnerability details and apply security patches.

References:
- https://docs.microsoft.com/en-us/iis/configuration/system.applicationhost/sites/sitedefaults/ftpserver/security/authenticati",2026-05-13T10:51:33.919746
e00f4ec5-1ab9-4459-8c0c-84494f2227e8,52a9aa8d-ac02-48d3-8b0b-054376762cae,Postgresql Version - Detect - 192.168.145.102:5432,high,"Detect Postgresql Version.
",,,"Review the vulnerability details and apply security patches.

References:
- https://github.com/swisskyrepo/payloadsallthethings/blob/master/sql%20injection/postgresql%20injection.md#postgresql-version",2026-05-13T10:51:33.919746
0204eff2-a887-470c-9411-4a5bfc224007,52a9aa8d-ac02-48d3-8b0b-054376762cae,FTP Service - Credential Weakness - 192.168.145.102:21,high,An FTP service was accessed with easily guessed credentials.,,,"Review the vulnerability details and apply security patches.

References:
- https://docs.microsoft.com/en-us/iis/configuration/system.applicationhost/sites/sitedefaults/ftpserver/security/authenticati",2026-05-13T10:51:33.919745
445400ff-6d4e-4918-9652-87b60773f46b,52a9aa8d-ac02-48d3-8b0b-054376762cae,FTP Service - Credential Weakness - 192.168.145.102:21,high,An FTP service was accessed with easily guessed credentials.,,,"Review the vulnerability details and apply security patches.

References:
- https://docs.microsoft.com/en-us/iis/configuration/system.applicationhost/sites/sitedefaults/ftpserver/security/authenticati",2026-05-13T10:51:33.919745
68d09e03-47d0-4696-a5e6-efad6949928d,52a9aa8d-ac02-48d3-8b0b-054376762cae,Postgres - Default Logins - 192.168.145.102:5432,high,"Postgres service was accessed with easily guessed credentials.
",,,Review the vulnerability details and apply security patches.,2026-05-13T10:51:33.919744
2850e367-2fc5-42a5-8e44-ccbaf9cb4e6a,52a9aa8d-ac02-48d3-8b0b-054376762cae,PostgreSQL List Password Hashes - 192.168.145.102:5432,high,"Dump password hashes in use within a PostgreSQL database.
",,,"Review the vulnerability details and apply security patches.

References:
- https://github.com/swisskyrepo/payloadsallthethings/blob/master/sql%20injection/postgresql%20injection.md#postgresql-list-pa",2026-05-13T10:51:33.919744
13ebb56d-fef2-4d99-af07-343c5f52c5d2,52a9aa8d-ac02-48d3-8b0b-054376762cae,vsftpd < 3.0.3 - DoS - 192.168.145.102:21,high,"vsftpd before 3.0.3 allows remote attackers to cause a denial of service by sending a crafted FTP command.


CVE IDs: cve-2021-30047",,,"Review the vulnerability details and apply security patches.

References:
- https://github.com/kuppamjohari/vsftpd-3.0.3-dos",2026-05-13T10:51:33.919743
820622f8-9a32-4169-b1c0-e80157b43a31,52a9aa8d-ac02-48d3-8b0b-054376762cae,SSH Weak Algorithms Supported - 192.168.145.102:22,medium,SSH weak algorithms are outdated cryptographic methods that pose security risks. Identifying and disabling these vulnerable algorithms is crucial for enhancing the overall security of SSH connections.,,,"Review the vulnerability details and apply security patches.

References:
- https://www.tenable.com/plugins/nessus/90317",2026-05-13T10:51:33.919743
0ec681c1-6fa8-4f2e-b81e-5d6c3c13cc39,52a9aa8d-ac02-48d3-8b0b-054376762cae,Postgresql Default Database - Enumeration - 192.168.145.102:5432,high,"postgres is the default database you will connect to before you have created any other databases.
",,,"Review the vulnerability details and apply security patches.

References:
- https://github.com/swisskyrepo/payloadsallthethings/blob/master/sql%20injection/postgresql%20injection.md#postgresql-databas",2026-05-13T10:51:33.919742
d4675243-b868-4048-a42e-901e74ad5a8a,52a9aa8d-ac02-48d3-8b0b-054376762cae,Postgresql Default Database - Enumeration - 192.168.145.102:5432,high,"postgres is the default database you will connect to before you have created any other databases.
",,,"Review the vulnerability details and apply security patches.

References:
- https://github.com/swisskyrepo/payloadsallthethings/blob/master/sql%20injection/postgresql%20injection.md#postgresql-databas",2026-05-13T10:51:33.919742
d63be600-71dd-428d-98cb-bb30a37b6f9e,52a9aa8d-ac02-48d3-8b0b-054376762cae,vsftpd <= 3.0.2 - Access Restriction Bypass - 192.168.145.102:21,medium,"vsftpd 3.0.2 and earlier contain a vulnerability that allows remote attackers to bypass access restrictions due to improper parsing of the deny_file configuration directive.


CVE IDs: cve-2015-1419",,,Review the vulnerability details and apply security patches.,2026-05-13T10:51:33.919741
14713b4a-6019-411f-bc29-d84de4f74597,52a9aa8d-ac02-48d3-8b0b-054376762cae,PostgreSQL File Read - 192.168.145.102:5432,high,"Read and list the files within the PostgreSQL database,
",,,"Review the vulnerability details and apply security patches.

References:
- https://github.com/swisskyrepo/payloadsallthethings/blob/master/sql%20injection/postgresql%20injection.md#postgresql-file-re",2026-05-13T10:51:33.919740
fd4c729c-066c-42e0-ba41-0e2669f70651,52a9aa8d-ac02-48d3-8b0b-054376762cae,Distccd v1 - Remote Code Execution - 192.168.145.102:3632,high,"distcc 2.x, as used in XCode 1.5 and others, when not configured to restrict access to the server port, allows remote attackers to execute arbitrary commands via compilation jobs, which are executed b",,,"Review the vulnerability details and apply security patches.

References:
- http://distcc.samba.org/security.html
- http://lists.samba.org/archive/distcc/2004q3/002550.html
- http://lists.samba.org/ar",2026-05-13T10:51:33.919740
3601ceb0-4707-4dcf-a0a3-250499a18681,52a9aa8d-ac02-48d3-8b0b-054376762cae,PostgreSQL List Database - 192.168.145.102:5432,high,"A single Postgres server process can manage multiple databases at the same time. Each database is stored as a separate set of files in its own directory within the server’s data directory.
",,,"Review the vulnerability details and apply security patches.

References:
- https://github.com/swisskyrepo/payloadsallthethings/blob/master/sql%20injection/postgresql%20injection.md#postgresql-list-pa",2026-05-13T10:51:33.919738
24267753-26ba-47c7-8c39-9feda194169d,52a9aa8d-ac02-48d3-8b0b-054376762cae,VSFTPD 2.3.4 - Backdoor Command Execution - 192.168.145.102:6200,critical,VSFTPD v2.3.4 had a serious backdoor vulnerability allowing attackers to execute arbitrary commands on the server with root-level access. The backdoor was triggered by a specific string of characters ,,,"Review the vulnerability details and apply security patches.

References:
- https://www.rapid7.com/db/modules/exploit/unix/ftp/vsftpd_234_backdoor/
- https://www.exploit-db.com/exploits/49757
- http:/",2026-05-13T10:51:33.919738
5f6bcb1d-41d3-4934-8891-87627c7f57bb,52a9aa8d-ac02-48d3-8b0b-054376762cae,PHP CGI v5.3.12/5.4.2 Remote Code Execution - http://192.168.145.102/index.php?-d+allow_url_include%3don+-d+auto_prepend_file%3dphp%3a//input,high,"sapi/cgi/cgi_main.c in PHP before 5.3.12 and 5.4.x before 5.4.2, when configured as a CGI script (aka php-cgi), does not properly handle query strings that lack an = (equals sign) character, which all",,,"Review the vulnerability details and apply security patches.

References:
- https://github.com/vulhub/vulhub/tree/master/php/cve-2012-1823
- https://nvd.nist.gov/vuln/detail/cve-2012-1823
- https://bu",2026-05-13T10:51:33.919734
7c7811ea-606c-4711-9c25-67e90519cd82,1b05ba61-560f-4048-bb61-22a1516ab849,Open port 80/tcp on 192.168.145.102,medium,Port 80/tcp is open running http (Apache httpd 2.2.8),,,Review if port 80 needs to be exposed. Consider firewall rules.,2026-05-13T10:49:36.322558
c8eef721-c4c8-42c6-b104-1cf789dea5a2,cf8eb6dc-53fa-43ad-96d0-2a47d745259f,Open port 636/tcp on 192.168.145.10,low,Port 636/tcp is open running tcpwrapped,,,Review if port 636 needs to be exposed. Consider firewall rules.,2026-05-13T10:27:11.974289
1cfe5990-7577-44de-9b6f-7f80869ed7ac,cf8eb6dc-53fa-43ad-96d0-2a47d745259f,Open port 593/tcp on 192.168.145.10,low,Port 593/tcp is open running ncacn_http (Microsoft Windows RPC over HTTP 1.0),,,Review if port 593 needs to be exposed. Consider firewall rules.,2026-05-13T10:27:11.974289
558eb995-7ad9-40aa-a7c8-d00056571fbf,cf8eb6dc-53fa-43ad-96d0-2a47d745259f,Open port 445/tcp on 192.168.145.10,high,Port 445/tcp is open running microsoft-ds,,,Review if port 445 needs to be exposed. Consider firewall rules.,2026-05-13T10:27:11.974288
435ae47d-0087-4753-9de3-2d104b06e6ba,cf8eb6dc-53fa-43ad-96d0-2a47d745259f,Open port 464/tcp on 192.168.145.10,low,Port 464/tcp is open running kpasswd5,,,Review if port 464 needs to be exposed. Consider firewall rules.,2026-05-13T10:27:11.974288
03c16d64-10f9-4ee7-bc9a-ff8503a8b284,cf8eb6dc-53fa-43ad-96d0-2a47d745259f,Open port 389/tcp on 192.168.145.10,low,Port 389/tcp is open running ldap (Microsoft Windows Active Directory LDAP),,,Review if port 389 needs to be exposed. Consider firewall rules.,2026-05-13T10:27:11.974287
24bc75d6-a16f-42a2-b31d-3a9c82c3c87a,cf8eb6dc-53fa-43ad-96d0-2a47d745259f,Open port 139/tcp on 192.168.145.10,high,Port 139/tcp is open running netbios-ssn (Microsoft Windows netbios-ssn),,,Review if port 139 needs to be exposed. Consider firewall rules.,2026-05-13T10:27:11.974286
73cc889d-852a-4406-b71c-656208f7956c,cf8eb6dc-53fa-43ad-96d0-2a47d745259f,Open port 135/tcp on 192.168.145.10,low,Port 135/tcp is open running msrpc (Microsoft Windows RPC),,,Review if port 135 needs to be exposed. Consider firewall rules.,2026-05-13T10:27:11.974286
af2e0604-65cc-497a-bc77-681c094d4285,cf8eb6dc-53fa-43ad-96d0-2a47d745259f,Open port 88/tcp on 192.168.145.10,low,Port 88/tcp is open running kerberos-sec (Microsoft Windows Kerberos),,,Review if port 88 needs to be exposed. Consider firewall rules.,2026-05-13T10:27:11.974285
2d7355d3-f7f7-4e0a-b92e-d958bd5296d3,cf8eb6dc-53fa-43ad-96d0-2a47d745259f,Open port 53/tcp on 192.168.145.10,low,Port 53/tcp is open running domain (Simple DNS Plus),,,Review if port 53 needs to be exposed. Consider firewall rules.,2026-05-13T10:27:11.974281
0b42a488-9403-4737-be23-6ce62625a965,d19e97f8-eaec-42c0-9dcb-6ef05c2b94ae,Open port 514/tcp on 192.168.145.102,low,Port 514/tcp is open running tcpwrapped,,,Review if port 514 needs to be exposed. Consider firewall rules.,2026-05-13T10:26:09.364395
4ebd6599-9914-4ef4-a0ad-4166c4284920,d19e97f8-eaec-42c0-9dcb-6ef05c2b94ae,Open port 513/tcp on 192.168.145.102,low,Port 513/tcp is open running login (OpenBSD or Solaris rlogind),,,Review if port 513 needs to be exposed. Consider firewall rules.,2026-05-13T10:26:09.364394
948fb328-2b79-4420-b3b9-fb44d9d24a68,d19e97f8-eaec-42c0-9dcb-6ef05c2b94ae,Open port 512/tcp on 192.168.145.102,low,Port 512/tcp is open running exec (netkit-rsh rexecd),,,Review if port 512 needs to be exposed. Consider firewall rules.,2026-05-13T10:26:09.364394
277bdddd-1455-4439-8cfd-75b3b0a58c54,d19e97f8-eaec-42c0-9dcb-6ef05c2b94ae,Open port 139/tcp on 192.168.145.102,high,Port 139/tcp is open running netbios-ssn (Samba smbd 3.X - 4.X),,,Review if port 139 needs to be exposed. Consider firewall rules.,2026-05-13T10:26:09.364393
fcecde31-96d9-456b-99c2-2b9ce95c17f5,d19e97f8-eaec-42c0-9dcb-6ef05c2b94ae,Open port 445/tcp on 192.168.145.102,high,Port 445/tcp is open running netbios-ssn (Samba smbd 3.X - 4.X),,,Review if port 445 needs to be exposed. Consider firewall rules.,2026-05-13T10:26:09.364393
ba05e138-8adc-4ed7-9dd7-f551d674b893,d19e97f8-eaec-42c0-9dcb-6ef05c2b94ae,Open port 111/tcp on 192.168.145.102,low,Port 111/tcp is open running rpcbind,,,Review if port 111 needs to be exposed. Consider firewall rules.,2026-05-13T10:26:09.364392
41f652df-3378-4114-84d4-8847e8e09a78,d19e97f8-eaec-42c0-9dcb-6ef05c2b94ae,Open port 80/tcp on 192.168.145.102,medium,Port 80/tcp is open running http (Apache httpd 2.2.8),,,Review if port 80 needs to be exposed. Consider firewall rules.,2026-05-13T10:26:09.364392
5ba62e17-406d-4338-b49f-d2951e9005fe,d19e97f8-eaec-42c0-9dcb-6ef05c2b94ae,Open port 25/tcp on 192.168.145.102,low,Port 25/tcp is open running smtp (Postfix smtpd),,,Review if port 25 needs to be exposed. Consider firewall rules.,2026-05-13T10:26:09.364391
58e34e29-8dd6-4392-92eb-f4bcc4a1b47b,d19e97f8-eaec-42c0-9dcb-6ef05c2b94ae,Open port 53/tcp on 192.168.145.102,low,Port 53/tcp is open running domain (ISC BIND 9.4.2),,,Review if port 53 needs to be exposed. Consider firewall rules.,2026-05-13T10:26:09.364391
32de5ae7-6f5e-45c3-b31f-f5facaa35541,d19e97f8-eaec-42c0-9dcb-6ef05c2b94ae,Open port 23/tcp on 192.168.145.102,high,Port 23/tcp is open running telnet (Linux telnetd),,,Review if port 23 needs to be exposed. Consider firewall rules.,2026-05-13T10:26:09.364389
a1af9fb1-93cd-419f-a415-3ad69f311fb4,d19e97f8-eaec-42c0-9dcb-6ef05c2b94ae,Open port 22/tcp on 192.168.145.102,high,Port 22/tcp is open running ssh (OpenSSH 4.7p1 Debian 8ubuntu1),,,Review if port 22 needs to be exposed. Consider firewall rules.,2026-05-13T10:26:09.364388
a86aed63-524d-46d9-b6ca-9c1b2607cf1f,d19e97f8-eaec-42c0-9dcb-6ef05c2b94ae,Open port 21/tcp on 192.168.145.102,high,Port 21/tcp is open running ftp (vsftpd 2.3.4),,,Review if port 21 needs to be exposed. Consider firewall rules.,2026-05-13T10:26:09.364385
0c0d42a8-e35f-4cf5-9f21-23c97fd72c85,f5508c91-a809-4a55-9ae6-01c842931f01,Open port 514/tcp on 192.168.145.102,low,Port 514/tcp is open running tcpwrapped,,,Review if port 514 needs to be exposed. Consider firewall rules.,2026-05-12T13:56:04.773611
cba8b981-0080-4f80-b87d-af05152baa85,f5508c91-a809-4a55-9ae6-01c842931f01,Open port 513/tcp on 192.168.145.102,low,Port 513/tcp is open running login,,,Review if port 513 needs to be exposed. Consider firewall rules.,2026-05-12T13:56:04.773611
7e516d25-e70e-49cd-a998-bae76ef8c8a5,f5508c91-a809-4a55-9ae6-01c842931f01,Open port 445/tcp on 192.168.145.102,high,Port 445/tcp is open running netbios-ssn (Samba smbd 3.X - 4.X),,,Review if port 445 needs to be exposed. Consider firewall rules.,2026-05-12T13:56:04.773610
9020b56e-c96f-4654-9328-b50cd113a51d,f5508c91-a809-4a55-9ae6-01c842931f01,Open port 512/tcp on 192.168.145.102,low,Port 512/tcp is open running exec (netkit-rsh rexecd),,,Review if port 512 needs to be exposed. Consider firewall rules.,2026-05-12T13:56:04.773610
7f572306-204a-436b-8094-dda2b29abb47,f5508c91-a809-4a55-9ae6-01c842931f01,Open port 139/tcp on 192.168.145.102,high,Port 139/tcp is open running netbios-ssn (Samba smbd 3.X - 4.X),,,Review if port 139 needs to be exposed. Consider firewall rules.,2026-05-12T13:56:04.773609
1d8c29b1-fd36-41b1-bda3-050bd46e1111,f5508c91-a809-4a55-9ae6-01c842931f01,Open port 80/tcp on 192.168.145.102,medium,Port 80/tcp is open running http (Apache httpd 2.2.8),,,Review if port 80 needs to be exposed. Consider firewall rules.,2026-05-12T13:56:04.773608
a5db6f17-23a7-4758-aa09-08663d09c0be,f5508c91-a809-4a55-9ae6-01c842931f01,Open port 111/tcp on 192.168.145.102,low,Port 111/tcp is open running rpcbind,,,Review if port 111 needs to be exposed. Consider firewall rules.,2026-05-12T13:56:04.773608
05b684d8-c0f8-4779-ba90-ebc185407e51,f5508c91-a809-4a55-9ae6-01c842931f01,Open port 53/tcp on 192.168.145.102,low,Port 53/tcp is open running domain (ISC BIND 9.4.2),,,Review if port 53 needs to be exposed. Consider firewall rules.,2026-05-12T13:56:04.773607
821d890d-622a-4f1e-93b2-d05fe388d211,f5508c91-a809-4a55-9ae6-01c842931f01,Open port 23/tcp on 192.168.145.102,high,Port 23/tcp is open running telnet (Linux telnetd),,,Review if port 23 needs to be exposed. Consider firewall rules.,2026-05-12T13:56:04.773606
66b23bdd-aca5-4d34-8448-5c0b08c3b617,f5508c91-a809-4a55-9ae6-01c842931f01,Open port 25/tcp on 192.168.145.102,low,Port 25/tcp is open running smtp (Postfix smtpd),,,Review if port 25 needs to be exposed. Consider firewall rules.,2026-05-12T13:56:04.773606
2e1cfa0e-4799-42f2-841c-1af15ec6796a,f5508c91-a809-4a55-9ae6-01c842931f01,Open port 22/tcp on 192.168.145.102,high,Port 22/tcp is open running ssh (OpenSSH 4.7p1 Debian 8ubuntu1),,,Review if port 22 needs to be exposed. Consider firewall rules.,2026-05-12T13:56:04.773605
f2356617-b8bb-4d26-bd20-7a7015a01299,f5508c91-a809-4a55-9ae6-01c842931f01,Open port 21/tcp on 192.168.145.102,high,Port 21/tcp is open running ftp (vsftpd 2.3.4),,,Review if port 21 needs to be exposed. Consider firewall rules.,2026-05-12T13:56:04.773602
a421b282-b8d2-4c9c-bba1-a9375cddd901,2868c50c-94fb-41b0-920d-373a60541729,FTP Service - Credential Weakness - 192.168.145.102:21,high,An FTP service was accessed with easily guessed credentials.,,,"Review the vulnerability details and apply security patches.

References:
- https://docs.microsoft.com/en-us/iis/configuration/system.applicationhost/sites/sitedefaults/ftpserver/security/authenticati",2026-05-12T13:51:44.991616
dc7c47a3-d061-421c-9613-6282ce177086,2868c50c-94fb-41b0-920d-373a60541729,FTP Service - Credential Weakness - 192.168.145.102:21,high,An FTP service was accessed with easily guessed credentials.,,,"Review the vulnerability details and apply security patches.

References:
- https://docs.microsoft.com/en-us/iis/configuration/system.applicationhost/sites/sitedefaults/ftpserver/security/authenticati",2026-05-12T13:51:44.991615
e2c4ff1b-0a41-40b8-b5b6-2a2aaf714577,2868c50c-94fb-41b0-920d-373a60541729,FTP Service - Credential Weakness - 192.168.145.102:21,high,An FTP service was accessed with easily guessed credentials.,,,"Review the vulnerability details and apply security patches.

References:
- https://docs.microsoft.com/en-us/iis/configuration/system.applicationhost/sites/sitedefaults/ftpserver/security/authenticati",2026-05-12T13:51:44.991615
c551938f-2ce1-4bd2-9d6b-14a67a0cbf16,2868c50c-94fb-41b0-920d-373a60541729,FTP Anonymous Login - 192.168.145.102:21,medium,"Anonymous FTP access allows anyone to access your public_ftp folder, allowing unidentified visitors to download (and possibly upload) files on your website. Anonymous FTP creates the potential for a s",,,"Review the vulnerability details and apply security patches.

References:
- https://tools.ietf.org/html/rfc2577",2026-05-12T13:51:44.991614
f39dc4ec-6e4c-4636-9219-3b7fa35a2493,2868c50c-94fb-41b0-920d-373a60541729,FTP Service - Credential Weakness - 192.168.145.102:21,high,An FTP service was accessed with easily guessed credentials.,,,"Review the vulnerability details and apply security patches.

References:
- https://docs.microsoft.com/en-us/iis/configuration/system.applicationhost/sites/sitedefaults/ftpserver/security/authenticati",2026-05-12T13:51:44.991614
c82ef11d-05e2-4b7f-9f68-54efd2f5061d,2868c50c-94fb-41b0-920d-373a60541729,FTP Service - Credential Weakness - 192.168.145.102:21,high,An FTP service was accessed with easily guessed credentials.,,,"Review the vulnerability details and apply security patches.

References:
- https://docs.microsoft.com/en-us/iis/configuration/system.applicationhost/sites/sitedefaults/ftpserver/security/authenticati",2026-05-12T13:51:44.991613
a9e24263-ccbc-4323-a68f-8accfeace1eb,2868c50c-94fb-41b0-920d-373a60541729,FTP Service - Credential Weakness - 192.168.145.102:21,high,An FTP service was accessed with easily guessed credentials.,,,"Review the vulnerability details and apply security patches.

References:
- https://docs.microsoft.com/en-us/iis/configuration/system.applicationhost/sites/sitedefaults/ftpserver/security/authenticati",2026-05-12T13:51:44.991612
9499f6ce-c61b-442c-a9a0-0e1752811836,2868c50c-94fb-41b0-920d-373a60541729,FTP Service - Credential Weakness - 192.168.145.102:21,high,An FTP service was accessed with easily guessed credentials.,,,"Review the vulnerability details and apply security patches.

References:
- https://docs.microsoft.com/en-us/iis/configuration/system.applicationhost/sites/sitedefaults/ftpserver/security/authenticati",2026-05-12T13:51:44.991612
0dbfab84-33b6-41b9-9100-8fb0ccc614d4,2868c50c-94fb-41b0-920d-373a60541729,vsftpd < 3.0.3 - DoS - 192.168.145.102:21,high,"vsftpd before 3.0.3 allows remote attackers to cause a denial of service by sending a crafted FTP command.


CVE IDs: cve-2021-30047",,,"Review the vulnerability details and apply security patches.

References:
- https://github.com/kuppamjohari/vsftpd-3.0.3-dos",2026-05-12T13:51:44.991611
e554945f-0eec-4a67-b598-c176891a980c,2868c50c-94fb-41b0-920d-373a60541729,vsftpd <= 3.0.2 - Access Restriction Bypass - 192.168.145.102:21,medium,"vsftpd 3.0.2 and earlier contain a vulnerability that allows remote attackers to bypass access restrictions due to improper parsing of the deny_file configuration directive.


CVE IDs: cve-2015-1419",,,Review the vulnerability details and apply security patches.,2026-05-12T13:51:44.991611
56cf5eee-6c8b-4a8b-a512-5cb965e71c84,2868c50c-94fb-41b0-920d-373a60541729,Postgresql Version - Detect - 192.168.145.102:5432,high,"Detect Postgresql Version.
",,,"Review the vulnerability details and apply security patches.

References:
- https://github.com/swisskyrepo/payloadsallthethings/blob/master/sql%20injection/postgresql%20injection.md#postgresql-version",2026-05-12T13:51:44.991610
fa85a96e-81b1-4267-b9a3-e9caeb34962a,2868c50c-94fb-41b0-920d-373a60541729,SSH Weak Algorithms Supported - 192.168.145.102:22,medium,SSH weak algorithms are outdated cryptographic methods that pose security risks. Identifying and disabling these vulnerable algorithms is crucial for enhancing the overall security of SSH connections.,,,"Review the vulnerability details and apply security patches.

References:
- https://www.tenable.com/plugins/nessus/90317",2026-05-12T13:51:44.991609
b2f34d79-c0e1-473f-ab56-1c6f67c68a88,2868c50c-94fb-41b0-920d-373a60541729,Ghostcat - Apache Tomcat - AJP File Read/Inclusion Vulnerability - 192.168.145.102:8009,critical,"When using the Apache JServ Protocol (AJP), care must be taken when trusting incoming connections to Apache Tomcat. Tomcat treats AJP connections as having higher trust than, for example, a similar HT",,,"Review the vulnerability details and apply security patches.

References:
- https://www.tenable.com/blog/cve-2020-1938-ghostcat-apache-tomcat-ajp-file-readinclusion-vulnerability-cnvd-2020-10487
- htt",2026-05-12T13:51:44.991609
c7793ea4-747e-4137-ab5a-10307dee4007,2868c50c-94fb-41b0-920d-373a60541729,Postgresql Default Database - Enumeration - 192.168.145.102:5432,high,"postgres is the default database you will connect to before you have created any other databases.
",,,"Review the vulnerability details and apply security patches.

References:
- https://github.com/swisskyrepo/payloadsallthethings/blob/master/sql%20injection/postgresql%20injection.md#postgresql-databas",2026-05-12T13:51:44.991608
86c3d4fd-5aa7-4465-8bd2-90385071c3f6,2868c50c-94fb-41b0-920d-373a60541729,PostgreSQL List Users - 192.168.145.102:5432,high,"List users from Postgresql Database.
",,,"Review the vulnerability details and apply security patches.

References:
- https://github.com/swisskyrepo/payloadsallthethings/blob/master/sql%20injection/postgresql%20injection.md#postgresql-list-us",2026-05-12T13:51:44.991608
e4187377-19f3-4140-860e-ffaf2a0d0af7,2868c50c-94fb-41b0-920d-373a60541729,Postgres - Default Logins - 192.168.145.102:5432,high,"Postgres service was accessed with easily guessed credentials.
",,,Review the vulnerability details and apply security patches.,2026-05-12T13:51:44.991607
db81a6b3-89f5-4b41-a574-84fbe2ff6a48,2868c50c-94fb-41b0-920d-373a60541729,Postgresql Default Database - Enumeration - 192.168.145.102:5432,high,"postgres is the default database you will connect to before you have created any other databases.
",,,"Review the vulnerability details and apply security patches.

References:
- https://github.com/swisskyrepo/payloadsallthethings/blob/master/sql%20injection/postgresql%20injection.md#postgresql-databas",2026-05-12T13:51:44.991606
108bd505-cb31-48fe-bfab-1206e6f9ec02,2868c50c-94fb-41b0-920d-373a60541729,Distccd v1 - Remote Code Execution - 192.168.145.102:3632,high,"distcc 2.x, as used in XCode 1.5 and others, when not configured to restrict access to the server port, allows remote attackers to execute arbitrary commands via compilation jobs, which are executed b",,,"Review the vulnerability details and apply security patches.

References:
- http://distcc.samba.org/security.html
- http://lists.samba.org/archive/distcc/2004q3/002550.html
- http://lists.samba.org/ar",2026-05-12T13:51:44.991606
0ddb32ba-38ab-41e4-af6b-53a0729fa9ad,2868c50c-94fb-41b0-920d-373a60541729,PostgreSQL List Password Hashes - 192.168.145.102:5432,high,"Dump password hashes in use within a PostgreSQL database.
",,,"Review the vulnerability details and apply security patches.

References:
- https://github.com/swisskyrepo/payloadsallthethings/blob/master/sql%20injection/postgresql%20injection.md#postgresql-list-pa",2026-05-12T13:51:44.991605
04e0ba40-80a7-4d21-a559-409303ed9712,2868c50c-94fb-41b0-920d-373a60541729,PostgreSQL List Database - 192.168.145.102:5432,high,"A single Postgres server process can manage multiple databases at the same time. Each database is stored as a separate set of files in its own directory within the server’s data directory.
",,,"Review the vulnerability details and apply security patches.

References:
- https://github.com/swisskyrepo/payloadsallthethings/blob/master/sql%20injection/postgresql%20injection.md#postgresql-list-pa",2026-05-12T13:51:44.991604
5adfccc8-241c-4d0c-8d7d-417e6094d492,2868c50c-94fb-41b0-920d-373a60541729,PostgreSQL File Read - 192.168.145.102:5432,high,"Read and list the files within the PostgreSQL database,
",,,"Review the vulnerability details and apply security patches.

References:
- https://github.com/swisskyrepo/payloadsallthethings/blob/master/sql%20injection/postgresql%20injection.md#postgresql-file-re",2026-05-12T13:51:44.991603
511c47a1-51c2-492c-8765-83084b5f3641,2868c50c-94fb-41b0-920d-373a60541729,PHP CGI v5.3.12/5.4.2 Remote Code Execution - http://192.168.145.102/index.php?-d+allow_url_include%3don+-d+auto_prepend_file%3dphp%3a//input,high,"sapi/cgi/cgi_main.c in PHP before 5.3.12 and 5.4.x before 5.4.2, when configured as a CGI script (aka php-cgi), does not properly handle query strings that lack an = (equals sign) character, which all",,,"Review the vulnerability details and apply security patches.

References:
- https://github.com/vulhub/vulhub/tree/master/php/cve-2012-1823
- https://nvd.nist.gov/vuln/detail/cve-2012-1823
- https://bu",2026-05-12T13:51:44.991600
930b82c1-4dee-4d28-8cd5-67cffdd7d89e,6daaf65f-5b12-4122-8f96-96cd0a774c67,Open port 514/tcp on 192.168.145.102,low,Port 514/tcp is open running tcpwrapped,,,Review if port 514 needs to be exposed. Consider firewall rules.,2026-05-12T13:45:27.261076
49b99c2d-c5df-4aa7-8a26-3ef4713fa564,6daaf65f-5b12-4122-8f96-96cd0a774c67,Open port 512/tcp on 192.168.145.102,low,Port 512/tcp is open running exec (netkit-rsh rexecd),,,Review if port 512 needs to be exposed. Consider firewall rules.,2026-05-12T13:45:27.261075
2891bfd1-48bd-49c5-939b-762c493986b4,6daaf65f-5b12-4122-8f96-96cd0a774c67,Open port 513/tcp on 192.168.145.102,low,Port 513/tcp is open running login,,,Review if port 513 needs to be exposed. Consider firewall rules.,2026-05-12T13:45:27.261075
f83ede56-f41e-450c-81d0-03336d77f01c,6daaf65f-5b12-4122-8f96-96cd0a774c67,Open port 445/tcp on 192.168.145.102,high,Port 445/tcp is open running netbios-ssn (Samba smbd 3.X - 4.X),,,Review if port 445 needs to be exposed. Consider firewall rules.,2026-05-12T13:45:27.261074
1f32929d-5298-431a-ab82-29cc91c3543a,6daaf65f-5b12-4122-8f96-96cd0a774c67,Open port 139/tcp on 192.168.145.102,high,Port 139/tcp is open running netbios-ssn (Samba smbd 3.X - 4.X),,,Review if port 139 needs to be exposed. Consider firewall rules.,2026-05-12T13:45:27.261073
85526c76-ec34-461b-b6fc-25a6192eda3e,6daaf65f-5b12-4122-8f96-96cd0a774c67,Open port 80/tcp on 192.168.145.102,medium,Port 80/tcp is open running http (Apache httpd 2.2.8),,,Review if port 80 needs to be exposed. Consider firewall rules.,2026-05-12T13:45:27.261072
6a17fc75-f67e-43a0-8267-1f94c8d593ed,6daaf65f-5b12-4122-8f96-96cd0a774c67,Open port 111/tcp on 192.168.145.102,low,Port 111/tcp is open running rpcbind,,,Review if port 111 needs to be exposed. Consider firewall rules.,2026-05-12T13:45:27.261072
fdfcba41-a3e5-4fda-a428-b0a1c6727158,6daaf65f-5b12-4122-8f96-96cd0a774c67,Open port 53/tcp on 192.168.145.102,low,Port 53/tcp is open running domain (ISC BIND 9.4.2),,,Review if port 53 needs to be exposed. Consider firewall rules.,2026-05-12T13:45:27.261071
82269550-98d4-439f-b20f-90eddc255c5f,6daaf65f-5b12-4122-8f96-96cd0a774c67,Open port 25/tcp on 192.168.145.102,low,Port 25/tcp is open running smtp (Postfix smtpd),,,Review if port 25 needs to be exposed. Consider firewall rules.,2026-05-12T13:45:27.261070
92034737-9b75-4605-b09a-0dff647a0117,6daaf65f-5b12-4122-8f96-96cd0a774c67,Open port 23/tcp on 192.168.145.102,high,Port 23/tcp is open running telnet (Linux telnetd),,,Review if port 23 needs to be exposed. Consider firewall rules.,2026-05-12T13:45:27.261069
834d40f8-1cfd-40ad-a81f-dffae7f23727,6daaf65f-5b12-4122-8f96-96cd0a774c67,Open port 22/tcp on 192.168.145.102,high,Port 22/tcp is open running ssh (OpenSSH 4.7p1 Debian 8ubuntu1),,,Review if port 22 needs to be exposed. Consider firewall rules.,2026-05-12T13:45:27.261068
9a7bf08c-5eca-4f80-9740-31bed510ac81,6daaf65f-5b12-4122-8f96-96cd0a774c67,Open port 21/tcp on 192.168.145.102,high,Port 21/tcp is open running ftp (vsftpd 2.3.4),,,Review if port 21 needs to be exposed. Consider firewall rules.,2026-05-12T13:45:27.261065
a461567e-99d4-4cdd-beee-2781054ce4ef,75bc17fd-0f7d-471d-b5f9-82fb7c123da0,Potential SQL Injection detected on http://192.168.145.102/test_sqli.php?id=1,high,"SQLmap detected potential SQL injection vulnerabilities, but could not identify specific vulnerable parameters. Manual verification recommended.",,,Review application code for SQL injection vulnerabilities. Use parameterized queries and input validation.,2026-05-12T12:31:15.048864
eef0bd5c-5b3a-4c58-b987-cdaf49271e56,e403bd8a-531d-4231-8db0-747e94fefa7f,Potential SQL Injection detected on http://192.168.145.102/test_sqli.php?id=1,high,"SQLmap detected potential SQL injection vulnerabilities, but could not identify specific vulnerable parameters. Manual verification recommended.",,,Review application code for SQL injection vulnerabilities. Use parameterized queries and input validation.,2026-05-12T12:12:24.323596
4dff2e94-e46e-4f78-a90a-ca51272a15df,909ce170-c3a6-4465-9b27-024ee73536f9,FTP Service - Credential Weakness - 192.168.145.102:21,high,An FTP service was accessed with easily guessed credentials.,,,"Review the vulnerability details and apply security patches.

References:
- https://docs.microsoft.com/en-us/iis/configuration/system.applicationhost/sites/sitedefaults/ftpserver/security/authenticati",2026-05-12T12:07:53.336730
8d8cc4e6-2a11-47f8-b132-82a9a5cdf7dc,909ce170-c3a6-4465-9b27-024ee73536f9,FTP Service - Credential Weakness - 192.168.145.102:21,high,An FTP service was accessed with easily guessed credentials.,,,"Review the vulnerability details and apply security patches.

References:
- https://docs.microsoft.com/en-us/iis/configuration/system.applicationhost/sites/sitedefaults/ftpserver/security/authenticati",2026-05-12T12:07:53.336728
b07efbf2-0081-489f-a98b-5a1a688075ad,909ce170-c3a6-4465-9b27-024ee73536f9,FTP Anonymous Login - 192.168.145.102:21,medium,"Anonymous FTP access allows anyone to access your public_ftp folder, allowing unidentified visitors to download (and possibly upload) files on your website. Anonymous FTP creates the potential for a s",,,"Review the vulnerability details and apply security patches.

References:
- https://tools.ietf.org/html/rfc2577",2026-05-12T12:07:53.336727
c97e0dc2-e88c-4126-9918-7eff3511c087,909ce170-c3a6-4465-9b27-024ee73536f9,FTP Service - Credential Weakness - 192.168.145.102:21,high,An FTP service was accessed with easily guessed credentials.,,,"Review the vulnerability details and apply security patches.

References:
- https://docs.microsoft.com/en-us/iis/configuration/system.applicationhost/sites/sitedefaults/ftpserver/security/authenticati",2026-05-12T12:07:53.336726
61569d37-9714-4123-a8bf-14145b469093,909ce170-c3a6-4465-9b27-024ee73536f9,FTP Service - Credential Weakness - 192.168.145.102:21,high,An FTP service was accessed with easily guessed credentials.,,,"Review the vulnerability details and apply security patches.

References:
- https://docs.microsoft.com/en-us/iis/configuration/system.applicationhost/sites/sitedefaults/ftpserver/security/authenticati",2026-05-12T12:07:53.336725
584c5246-48cc-4750-b0ad-09ec6b6a79f2,909ce170-c3a6-4465-9b27-024ee73536f9,FTP Service - Credential Weakness - 192.168.145.102:21,high,An FTP service was accessed with easily guessed credentials.,,,"Review the vulnerability details and apply security patches.

References:
- https://docs.microsoft.com/en-us/iis/configuration/system.applicationhost/sites/sitedefaults/ftpserver/security/authenticati",2026-05-12T12:07:53.336724
74fce13e-43ff-4597-b2d7-c30d7e42ab46,909ce170-c3a6-4465-9b27-024ee73536f9,vsftpd < 3.0.3 - DoS - 192.168.145.102:21,high,"vsftpd before 3.0.3 allows remote attackers to cause a denial of service by sending a crafted FTP command.


CVE IDs: cve-2021-30047",,,"Review the vulnerability details and apply security patches.

References:
- https://github.com/kuppamjohari/vsftpd-3.0.3-dos",2026-05-12T12:07:53.336723
6f6eb1aa-4e45-47b1-a77a-f8808395c6e4,909ce170-c3a6-4465-9b27-024ee73536f9,PostgreSQL List Database - 192.168.145.102:5432,high,"A single Postgres server process can manage multiple databases at the same time. Each database is stored as a separate set of files in its own directory within the server’s data directory.
",,,"Review the vulnerability details and apply security patches.

References:
- https://github.com/swisskyrepo/payloadsallthethings/blob/master/sql%20injection/postgresql%20injection.md#postgresql-list-pa",2026-05-12T12:07:53.336722
682226d3-f187-4a66-823c-2e5de59e3cf5,909ce170-c3a6-4465-9b27-024ee73536f9,PostgreSQL File Read - 192.168.145.102:5432,high,"Read and list the files within the PostgreSQL database,
",,,"Review the vulnerability details and apply security patches.

References:
- https://github.com/swisskyrepo/payloadsallthethings/blob/master/sql%20injection/postgresql%20injection.md#postgresql-file-re",2026-05-12T12:07:53.336721
9559d8f0-7a0e-4193-9b39-c2308ba309e9,909ce170-c3a6-4465-9b27-024ee73536f9,PostgreSQL List Password Hashes - 192.168.145.102:5432,high,"Dump password hashes in use within a PostgreSQL database.
",,,"Review the vulnerability details and apply security patches.

References:
- https://github.com/swisskyrepo/payloadsallthethings/blob/master/sql%20injection/postgresql%20injection.md#postgresql-list-pa",2026-05-12T12:07:53.336719
ab3da0c6-21bd-444b-bd5f-3fe40a69c22b,909ce170-c3a6-4465-9b27-024ee73536f9,vsftpd <= 3.0.2 - Access Restriction Bypass - 192.168.145.102:21,medium,"vsftpd 3.0.2 and earlier contain a vulnerability that allows remote attackers to bypass access restrictions due to improper parsing of the deny_file configuration directive.


CVE IDs: cve-2015-1419",,,Review the vulnerability details and apply security patches.,2026-05-12T12:07:53.336718
a392a631-4b7e-4751-aad2-2c320a395bf2,909ce170-c3a6-4465-9b27-024ee73536f9,Ghostcat - Apache Tomcat - AJP File Read/Inclusion Vulnerability - 192.168.145.102:8009,critical,"When using the Apache JServ Protocol (AJP), care must be taken when trusting incoming connections to Apache Tomcat. Tomcat treats AJP connections as having higher trust than, for example, a similar HT",,,"Review the vulnerability details and apply security patches.

References:
- https://www.tenable.com/blog/cve-2020-1938-ghostcat-apache-tomcat-ajp-file-readinclusion-vulnerability-cnvd-2020-10487
- htt",2026-05-12T12:07:53.336716
d2a3e6ea-4565-44e6-b529-d04fc150e128,909ce170-c3a6-4465-9b27-024ee73536f9,PostgreSQL List Users - 192.168.145.102:5432,high,"List users from Postgresql Database.
",,,"Review the vulnerability details and apply security patches.

References:
- https://github.com/swisskyrepo/payloadsallthethings/blob/master/sql%20injection/postgresql%20injection.md#postgresql-list-us",2026-05-12T12:07:53.336715
dc68179f-fd56-407a-9505-636c490ebeb8,909ce170-c3a6-4465-9b27-024ee73536f9,Distccd v1 - Remote Code Execution - 192.168.145.102:3632,high,"distcc 2.x, as used in XCode 1.5 and others, when not configured to restrict access to the server port, allows remote attackers to execute arbitrary commands via compilation jobs, which are executed b",,,"Review the vulnerability details and apply security patches.

References:
- http://distcc.samba.org/security.html
- http://lists.samba.org/archive/distcc/2004q3/002550.html
- http://lists.samba.org/ar",2026-05-12T12:07:53.336714
4b5fa109-49ed-4fde-8e61-360c0a6417d4,909ce170-c3a6-4465-9b27-024ee73536f9,Postgresql Version - Detect - 192.168.145.102:5432,high,"Detect Postgresql Version.
",,,"Review the vulnerability details and apply security patches.

References:
- https://github.com/swisskyrepo/payloadsallthethings/blob/master/sql%20injection/postgresql%20injection.md#postgresql-version",2026-05-12T12:07:53.336713
5ce24422-8d95-422b-932f-512f6198e55f,909ce170-c3a6-4465-9b27-024ee73536f9,SSH Weak Algorithms Supported - 192.168.145.102:22,medium,SSH weak algorithms are outdated cryptographic methods that pose security risks. Identifying and disabling these vulnerable algorithms is crucial for enhancing the overall security of SSH connections.,,,"Review the vulnerability details and apply security patches.

References:
- https://www.tenable.com/plugins/nessus/90317",2026-05-12T12:07:53.336712
cfdf87fc-4450-4fd0-a8e2-a20e2b59d6c1,909ce170-c3a6-4465-9b27-024ee73536f9,Postgres - Default Logins - 192.168.145.102:5432,high,"Postgres service was accessed with easily guessed credentials.
",,,Review the vulnerability details and apply security patches.,2026-05-12T12:07:53.336711
9caa3bd9-c73b-486b-9cd1-c4518f1f6989,909ce170-c3a6-4465-9b27-024ee73536f9,Postgresql Default Database - Enumeration - 192.168.145.102:5432,high,"postgres is the default database you will connect to before you have created any other databases.
",,,"Review the vulnerability details and apply security patches.

References:
- https://github.com/swisskyrepo/payloadsallthethings/blob/master/sql%20injection/postgresql%20injection.md#postgresql-databas",2026-05-12T12:07:53.336709
2279c2f2-74a0-4696-bb84-dec14e9e1e48,909ce170-c3a6-4465-9b27-024ee73536f9,Postgresql Default Database - Enumeration - 192.168.145.102:5432,high,"postgres is the default database you will connect to before you have created any other databases.
",,,"Review the vulnerability details and apply security patches.

References:
- https://github.com/swisskyrepo/payloadsallthethings/blob/master/sql%20injection/postgresql%20injection.md#postgresql-databas",2026-05-12T12:07:53.336708
15288e38-89cf-485f-9ef9-c34ab221d863,909ce170-c3a6-4465-9b27-024ee73536f9,PHP CGI v5.3.12/5.4.2 Remote Code Execution - http://192.168.145.102/index.php?-d+allow_url_include%3don+-d+auto_prepend_file%3dphp%3a//input,high,"sapi/cgi/cgi_main.c in PHP before 5.3.12 and 5.4.x before 5.4.2, when configured as a CGI script (aka php-cgi), does not properly handle query strings that lack an = (equals sign) character, which all",,,"Review the vulnerability details and apply security patches.

References:
- https://github.com/vulhub/vulhub/tree/master/php/cve-2012-1823
- https://nvd.nist.gov/vuln/detail/cve-2012-1823
- https://bu",2026-05-12T12:07:53.336703
8008cde2-5bb1-48ea-8f0b-80bfb1f4c676,4e620fce-3ce5-41c4-963e-d8ac12b4c059,Potential SQL Injection detected on http://192.168.145.102/test_sqli.php?id=1,high,"SQLmap detected potential SQL injection vulnerabilities, but could not identify specific vulnerable parameters. Manual verification recommended.",,,Review application code for SQL injection vulnerabilities. Use parameterized queries and input validation.,2026-05-12T11:39:30.866581
c1bc3c10-c234-4cff-823e-7667c2112542,edad86bb-d0dc-4dc3-9e0b-40787355f61f,FTP Service - Credential Weakness - 192.168.145.102:21,high,An FTP service was accessed with easily guessed credentials.,,,"Review the vulnerability details and apply security patches.

References:
- https://docs.microsoft.com/en-us/iis/configuration/system.applicationhost/sites/sitedefaults/ftpserver/security/authenticati",2026-05-12T11:35:21.175443
05122753-ea80-4831-98d5-ed305835a6b2,edad86bb-d0dc-4dc3-9e0b-40787355f61f,FTP Service - Credential Weakness - 192.168.145.102:21,high,An FTP service was accessed with easily guessed credentials.,,,"Review the vulnerability details and apply security patches.

References:
- https://docs.microsoft.com/en-us/iis/configuration/system.applicationhost/sites/sitedefaults/ftpserver/security/authenticati",2026-05-12T11:35:21.175442
5eee9e65-1530-4ca5-8e59-dba4fc65eda3,edad86bb-d0dc-4dc3-9e0b-40787355f61f,FTP Service - Credential Weakness - 192.168.145.102:21,high,An FTP service was accessed with easily guessed credentials.,,,"Review the vulnerability details and apply security patches.

References:
- https://docs.microsoft.com/en-us/iis/configuration/system.applicationhost/sites/sitedefaults/ftpserver/security/authenticati",2026-05-12T11:35:21.175441
3cb0507e-2313-4059-b7d8-2f53f2b7734e,edad86bb-d0dc-4dc3-9e0b-40787355f61f,FTP Anonymous Login - 192.168.145.102:21,medium,"Anonymous FTP access allows anyone to access your public_ftp folder, allowing unidentified visitors to download (and possibly upload) files on your website. Anonymous FTP creates the potential for a s",,,"Review the vulnerability details and apply security patches.

References:
- https://tools.ietf.org/html/rfc2577",2026-05-12T11:35:21.175440
4d6d0008-a992-4f2e-a18a-7cfd20c0a676,edad86bb-d0dc-4dc3-9e0b-40787355f61f,Postgresql Version - Detect - 192.168.145.102:5432,high,"Detect Postgresql Version.
",,,"Review the vulnerability details and apply security patches.

References:
- https://github.com/swisskyrepo/payloadsallthethings/blob/master/sql%20injection/postgresql%20injection.md#postgresql-version",2026-05-12T11:35:21.175440
6d1146ca-a2ed-4368-b26d-72af8f2d62b7,edad86bb-d0dc-4dc3-9e0b-40787355f61f,FTP Service - Credential Weakness - 192.168.145.102:21,high,An FTP service was accessed with easily guessed credentials.,,,"Review the vulnerability details and apply security patches.

References:
- https://docs.microsoft.com/en-us/iis/configuration/system.applicationhost/sites/sitedefaults/ftpserver/security/authenticati",2026-05-12T11:35:21.175439
34af335e-a0db-4643-9c3e-36b57eb8bee2,edad86bb-d0dc-4dc3-9e0b-40787355f61f,FTP Service - Credential Weakness - 192.168.145.102:21,high,An FTP service was accessed with easily guessed credentials.,,,"Review the vulnerability details and apply security patches.

References:
- https://docs.microsoft.com/en-us/iis/configuration/system.applicationhost/sites/sitedefaults/ftpserver/security/authenticati",2026-05-12T11:35:21.175438
08b012c4-a78f-49e7-beaa-b562cf766af0,edad86bb-d0dc-4dc3-9e0b-40787355f61f,FTP Service - Credential Weakness - 192.168.145.102:21,high,An FTP service was accessed with easily guessed credentials.,,,"Review the vulnerability details and apply security patches.

References:
- https://docs.microsoft.com/en-us/iis/configuration/system.applicationhost/sites/sitedefaults/ftpserver/security/authenticati",2026-05-12T11:35:21.175437
97b0d01b-3983-46f7-80ba-4ab86f204993,edad86bb-d0dc-4dc3-9e0b-40787355f61f,PostgreSQL List Users - 192.168.145.102:5432,high,"List users from Postgresql Database.
",,,"Review the vulnerability details and apply security patches.

References:
- https://github.com/swisskyrepo/payloadsallthethings/blob/master/sql%20injection/postgresql%20injection.md#postgresql-list-us",2026-05-12T11:35:21.175436
bab07ac0-3a5e-4ce6-958d-0af120648837,edad86bb-d0dc-4dc3-9e0b-40787355f61f,vsftpd < 3.0.3 - DoS - 192.168.145.102:21,high,"vsftpd before 3.0.3 allows remote attackers to cause a denial of service by sending a crafted FTP command.


CVE IDs: cve-2021-30047",,,"Review the vulnerability details and apply security patches.

References:
- https://github.com/kuppamjohari/vsftpd-3.0.3-dos",2026-05-12T11:35:21.175435
57c9570b-ecd6-4017-88cc-3cc51addd718,edad86bb-d0dc-4dc3-9e0b-40787355f61f,Ghostcat - Apache Tomcat - AJP File Read/Inclusion Vulnerability - 192.168.145.102:8009,critical,"When using the Apache JServ Protocol (AJP), care must be taken when trusting incoming connections to Apache Tomcat. Tomcat treats AJP connections as having higher trust than, for example, a similar HT",,,"Review the vulnerability details and apply security patches.

References:
- https://www.tenable.com/blog/cve-2020-1938-ghostcat-apache-tomcat-ajp-file-readinclusion-vulnerability-cnvd-2020-10487
- htt",2026-05-12T11:35:21.175434
f7c32b9c-442b-45de-9f0d-34919467a607,edad86bb-d0dc-4dc3-9e0b-40787355f61f,PostgreSQL File Read - 192.168.145.102:5432,high,"Read and list the files within the PostgreSQL database,
",,,"Review the vulnerability details and apply security patches.

References:
- https://github.com/swisskyrepo/payloadsallthethings/blob/master/sql%20injection/postgresql%20injection.md#postgresql-file-re",2026-05-12T11:35:21.175433
4bf813a9-7c8a-4be0-ad9b-9f422d6f1715,edad86bb-d0dc-4dc3-9e0b-40787355f61f,vsftpd <= 3.0.2 - Access Restriction Bypass - 192.168.145.102:21,medium,"vsftpd 3.0.2 and earlier contain a vulnerability that allows remote attackers to bypass access restrictions due to improper parsing of the deny_file configuration directive.


CVE IDs: cve-2015-1419",,,Review the vulnerability details and apply security patches.,2026-05-12T11:35:21.175433
32a037c3-1abc-4b21-bf41-b86b424d765b,edad86bb-d0dc-4dc3-9e0b-40787355f61f,PostgreSQL List Database - 192.168.145.102:5432,high,"A single Postgres server process can manage multiple databases at the same time. Each database is stored as a separate set of files in its own directory within the server’s data directory.
",,,"Review the vulnerability details and apply security patches.

References:
- https://github.com/swisskyrepo/payloadsallthethings/blob/master/sql%20injection/postgresql%20injection.md#postgresql-list-pa",2026-05-12T11:35:21.175432
d26bedcf-eeab-4421-bbc2-e714e4fccdf7,edad86bb-d0dc-4dc3-9e0b-40787355f61f,PostgreSQL List Password Hashes - 192.168.145.102:5432,high,"Dump password hashes in use within a PostgreSQL database.
",,,"Review the vulnerability details and apply security patches.

References:
- https://github.com/swisskyrepo/payloadsallthethings/blob/master/sql%20injection/postgresql%20injection.md#postgresql-list-pa",2026-05-12T11:35:21.175430
58440455-b7e9-4ef4-bdf2-778d64857287,edad86bb-d0dc-4dc3-9e0b-40787355f61f,Distccd v1 - Remote Code Execution - 192.168.145.102:3632,high,"distcc 2.x, as used in XCode 1.5 and others, when not configured to restrict access to the server port, allows remote attackers to execute arbitrary commands via compilation jobs, which are executed b",,,"Review the vulnerability details and apply security patches.

References:
- http://distcc.samba.org/security.html
- http://lists.samba.org/archive/distcc/2004q3/002550.html
- http://lists.samba.org/ar",2026-05-12T11:35:21.175429
58fa0f7d-a094-427d-a3bd-8a4e32085ac5,edad86bb-d0dc-4dc3-9e0b-40787355f61f,SSH Weak Algorithms Supported - 192.168.145.102:22,medium,SSH weak algorithms are outdated cryptographic methods that pose security risks. Identifying and disabling these vulnerable algorithms is crucial for enhancing the overall security of SSH connections.,,,"Review the vulnerability details and apply security patches.

References:
- https://www.tenable.com/plugins/nessus/90317",2026-05-12T11:35:21.175428
802f9aad-0ded-4463-ac87-d13cc36e779e,edad86bb-d0dc-4dc3-9e0b-40787355f61f,Postgres - Default Logins - 192.168.145.102:5432,high,"Postgres service was accessed with easily guessed credentials.
",,,Review the vulnerability details and apply security patches.,2026-05-12T11:35:21.175427
25551ce6-fd71-466c-8e6a-e3b44a21b2f4,edad86bb-d0dc-4dc3-9e0b-40787355f61f,Postgresql Default Database - Enumeration - 192.168.145.102:5432,high,"postgres is the default database you will connect to before you have created any other databases.
",,,"Review the vulnerability details and apply security patches.

References:
- https://github.com/swisskyrepo/payloadsallthethings/blob/master/sql%20injection/postgresql%20injection.md#postgresql-databas",2026-05-12T11:35:21.175426
a99eebee-4183-4887-9b53-ee8576ea3a89,edad86bb-d0dc-4dc3-9e0b-40787355f61f,Postgresql Default Database - Enumeration - 192.168.145.102:5432,high,"postgres is the default database you will connect to before you have created any other databases.
",,,"Review the vulnerability details and apply security patches.

References:
- https://github.com/swisskyrepo/payloadsallthethings/blob/master/sql%20injection/postgresql%20injection.md#postgresql-databas",2026-05-12T11:35:21.175425
29889d6b-00df-4283-b9bc-85b6910ea4e1,edad86bb-d0dc-4dc3-9e0b-40787355f61f,VSFTPD 2.3.4 - Backdoor Command Execution - 192.168.145.102:6200,critical,VSFTPD v2.3.4 had a serious backdoor vulnerability allowing attackers to execute arbitrary commands on the server with root-level access. The backdoor was triggered by a specific string of characters ,,,"Review the vulnerability details and apply security patches.

References:
- https://www.rapid7.com/db/modules/exploit/unix/ftp/vsftpd_234_backdoor/
- https://www.exploit-db.com/exploits/49757
- http:/",2026-05-12T11:35:21.175424
a82d7d2f-b53c-4bd6-a541-885bfeae5a66,edad86bb-d0dc-4dc3-9e0b-40787355f61f,PHP CGI v5.3.12/5.4.2 Remote Code Execution - http://192.168.145.102/index.php?-d+allow_url_include%3don+-d+auto_prepend_file%3dphp%3a//input,high,"sapi/cgi/cgi_main.c in PHP before 5.3.12 and 5.4.x before 5.4.2, when configured as a CGI script (aka php-cgi), does not properly handle query strings that lack an = (equals sign) character, which all",,,"Review the vulnerability details and apply security patches.

References:
- https://github.com/vulhub/vulhub/tree/master/php/cve-2012-1823
- https://nvd.nist.gov/vuln/detail/cve-2012-1823
- https://bu",2026-05-12T11:35:21.175420
e584a2e9-39db-40e8-8b5f-4be7009a07c8,ee3d3a6b-a74e-4313-bfb0-342d14f335d7,Open port 514/tcp on 192.168.145.102,low,Port 514/tcp is open running tcpwrapped,,,Review if port 514 needs to be exposed. Consider firewall rules.,2026-05-12T11:18:14.912420
5aea337f-1bc1-4688-8baa-6a7c08c434cf,ee3d3a6b-a74e-4313-bfb0-342d14f335d7,Open port 513/tcp on 192.168.145.102,low,Port 513/tcp is open running login,,,Review if port 513 needs to be exposed. Consider firewall rules.,2026-05-12T11:18:14.912419
16a780f8-1a9e-41fa-b23e-a5e932c7b30b,ee3d3a6b-a74e-4313-bfb0-342d14f335d7,Open port 512/tcp on 192.168.145.102,low,Port 512/tcp is open running exec (netkit-rsh rexecd),,,Review if port 512 needs to be exposed. Consider firewall rules.,2026-05-12T11:18:14.912418
746a49e7-ad17-4b22-87cd-75748467f0a8,ee3d3a6b-a74e-4313-bfb0-342d14f335d7,Open port 445/tcp on 192.168.145.102,high,Port 445/tcp is open running netbios-ssn (Samba smbd 3.X - 4.X),,,Review if port 445 needs to be exposed. Consider firewall rules.,2026-05-12T11:18:14.912417
f1657344-d503-4803-9bda-6b642a069dfc,ee3d3a6b-a74e-4313-bfb0-342d14f335d7,Open port 139/tcp on 192.168.145.102,high,Port 139/tcp is open running netbios-ssn (Samba smbd 3.X - 4.X),,,Review if port 139 needs to be exposed. Consider firewall rules.,2026-05-12T11:18:14.912416
feb0063e-65ab-4034-bd56-d9f90ea39a25,ee3d3a6b-a74e-4313-bfb0-342d14f335d7,Open port 111/tcp on 192.168.145.102,low,Port 111/tcp is open running rpcbind,,,Review if port 111 needs to be exposed. Consider firewall rules.,2026-05-12T11:18:14.912415
135f602f-dac4-4362-98b2-51cf94da2382,ee3d3a6b-a74e-4313-bfb0-342d14f335d7,Open port 80/tcp on 192.168.145.102,medium,Port 80/tcp is open running http (Apache httpd 2.2.8),,,Review if port 80 needs to be exposed. Consider firewall rules.,2026-05-12T11:18:14.912414
10d3328a-79a0-425c-b759-c8d55802ae27,ee3d3a6b-a74e-4313-bfb0-342d14f335d7,Open port 53/tcp on 192.168.145.102,low,Port 53/tcp is open running domain (ISC BIND 9.4.2),,,Review if port 53 needs to be exposed. Consider firewall rules.,2026-05-12T11:18:14.912412
27225054-bc08-498a-9eb8-9b8bd01a00f6,ee3d3a6b-a74e-4313-bfb0-342d14f335d7,Open port 25/tcp on 192.168.145.102,low,Port 25/tcp is open running smtp (Postfix smtpd),,,Review if port 25 needs to be exposed. Consider firewall rules.,2026-05-12T11:18:14.912411
b21c81e4-b7a0-48a2-bec9-f609248c223c,ee3d3a6b-a74e-4313-bfb0-342d14f335d7,Open port 23/tcp on 192.168.145.102,high,Port 23/tcp is open running telnet (Linux telnetd),,,Review if port 23 needs to be exposed. Consider firewall rules.,2026-05-12T11:18:14.912410
00e3975c-483c-4d4c-8b5d-9e8bf6401bb1,ee3d3a6b-a74e-4313-bfb0-342d14f335d7,Open port 22/tcp on 192.168.145.102,high,Port 22/tcp is open running ssh (OpenSSH 4.7p1 Debian 8ubuntu1),,,Review if port 22 needs to be exposed. Consider firewall rules.,2026-05-12T11:18:14.912409
fd322d03-2d0f-4417-a955-92748731845b,ee3d3a6b-a74e-4313-bfb0-342d14f335d7,Open port 21/tcp on 192.168.145.102,high,Port 21/tcp is open running ftp (vsftpd 2.3.4),,,Review if port 21 needs to be exposed. Consider firewall rules.,2026-05-12T11:18:14.912404
960569dd-ad70-41a6-a03f-8fe84203e4f7,07e64246-0c4a-4e04-b999-8955add20fd7,Potential SQL Injection detected on http://192.168.145.102/test_sqli.php?id=1,high,"SQLmap detected potential SQL injection vulnerabilities, but could not identify specific vulnerable parameters. Manual verification recommended.",,,Review application code for SQL injection vulnerabilities. Use parameterized queries and input validation.,2026-05-11T19:38:04.758244
d4b43e07-45c6-47e0-b0db-93c8eae47212,76202dd2-45de-4145-842b-b639d49dc5e0,FTP Service - Credential Weakness - 192.168.145.102:21,high,An FTP service was accessed with easily guessed credentials.,,,"Review the vulnerability details and apply security patches.

References:
- https://docs.microsoft.com/en-us/iis/configuration/system.applicationhost/sites/sitedefaults/ftpserver/security/authenticati",2026-05-11T19:37:53.126105
d057fd16-a166-4d70-9969-5ff4eb79761f,76202dd2-45de-4145-842b-b639d49dc5e0,FTP Service - Credential Weakness - 192.168.145.102:21,high,An FTP service was accessed with easily guessed credentials.,,,"Review the vulnerability details and apply security patches.

References:
- https://docs.microsoft.com/en-us/iis/configuration/system.applicationhost/sites/sitedefaults/ftpserver/security/authenticati",2026-05-11T19:37:53.126105
39217499-c17a-4260-b648-e7ace7114813,76202dd2-45de-4145-842b-b639d49dc5e0,FTP Service - Credential Weakness - 192.168.145.102:21,high,An FTP service was accessed with easily guessed credentials.,,,"Review the vulnerability details and apply security patches.

References:
- https://docs.microsoft.com/en-us/iis/configuration/system.applicationhost/sites/sitedefaults/ftpserver/security/authenticati",2026-05-11T19:37:53.126105
e5d262ba-9b10-4cf7-bd2e-8e26e28206a3,76202dd2-45de-4145-842b-b639d49dc5e0,FTP Service - Credential Weakness - 192.168.145.102:21,high,An FTP service was accessed with easily guessed credentials.,,,"Review the vulnerability details and apply security patches.

References:
- https://docs.microsoft.com/en-us/iis/configuration/system.applicationhost/sites/sitedefaults/ftpserver/security/authenticati",2026-05-11T19:37:53.126105
0774cdba-52ae-42c8-bc08-5f19802f56e7,76202dd2-45de-4145-842b-b639d49dc5e0,PostgreSQL List Users - 192.168.145.102:5432,high,"List users from Postgresql Database.
",,,"Review the vulnerability details and apply security patches.

References:
- https://github.com/swisskyrepo/payloadsallthethings/blob/master/sql%20injection/postgresql%20injection.md#postgresql-list-us",2026-05-11T19:37:53.126104
ca03a7f6-3fe2-47d3-92d3-7490eddbd92d,76202dd2-45de-4145-842b-b639d49dc5e0,FTP Service - Credential Weakness - 192.168.145.102:21,high,An FTP service was accessed with easily guessed credentials.,,,"Review the vulnerability details and apply security patches.

References:
- https://docs.microsoft.com/en-us/iis/configuration/system.applicationhost/sites/sitedefaults/ftpserver/security/authenticati",2026-05-11T19:37:53.126104
a0b2ed9c-e131-44a0-999a-46e29d676f63,76202dd2-45de-4145-842b-b639d49dc5e0,Postgresql Version - Detect - 192.168.145.102:5432,high,"Detect Postgresql Version.
",,,"Review the vulnerability details and apply security patches.

References:
- https://github.com/swisskyrepo/payloadsallthethings/blob/master/sql%20injection/postgresql%20injection.md#postgresql-version",2026-05-11T19:37:53.126104
bdfaf332-915c-42bc-96eb-56f5cc1699b4,76202dd2-45de-4145-842b-b639d49dc5e0,Postgresql Default Database - Enumeration - 192.168.145.102:5432,high,"postgres is the default database you will connect to before you have created any other databases.
",,,"Review the vulnerability details and apply security patches.

References:
- https://github.com/swisskyrepo/payloadsallthethings/blob/master/sql%20injection/postgresql%20injection.md#postgresql-databas",2026-05-11T19:37:53.126103
470edba1-46ba-414a-be52-f909b04b3d3f,76202dd2-45de-4145-842b-b639d49dc5e0,Postgres - Default Logins - 192.168.145.102:5432,high,"Postgres service was accessed with easily guessed credentials.
",,,Review the vulnerability details and apply security patches.,2026-05-11T19:37:53.126103
c43c9b7c-39f8-4c78-8fb3-bd0393252870,76202dd2-45de-4145-842b-b639d49dc5e0,PostgreSQL List Database - 192.168.145.102:5432,high,"A single Postgres server process can manage multiple databases at the same time. Each database is stored as a separate set of files in its own directory within the server’s data directory.
",,,"Review the vulnerability details and apply security patches.

References:
- https://github.com/swisskyrepo/payloadsallthethings/blob/master/sql%20injection/postgresql%20injection.md#postgresql-list-pa",2026-05-11T19:37:53.126103
1e84183d-2148-41f5-b5ae-27219967074e,76202dd2-45de-4145-842b-b639d49dc5e0,FTP Anonymous Login - 192.168.145.102:21,medium,"Anonymous FTP access allows anyone to access your public_ftp folder, allowing unidentified visitors to download (and possibly upload) files on your website. Anonymous FTP creates the potential for a s",,,"Review the vulnerability details and apply security patches.

References:
- https://tools.ietf.org/html/rfc2577",2026-05-11T19:37:53.126102
19b591bf-442b-4909-8624-87466ed71a00,76202dd2-45de-4145-842b-b639d49dc5e0,Ghostcat - Apache Tomcat - AJP File Read/Inclusion Vulnerability - 192.168.145.102:8009,critical,"When using the Apache JServ Protocol (AJP), care must be taken when trusting incoming connections to Apache Tomcat. Tomcat treats AJP connections as having higher trust than, for example, a similar HT",,,"Review the vulnerability details and apply security patches.

References:
- https://www.tenable.com/blog/cve-2020-1938-ghostcat-apache-tomcat-ajp-file-readinclusion-vulnerability-cnvd-2020-10487
- htt",2026-05-11T19:37:53.126102
43ca3c66-f2ab-436c-9011-a55f709a37d9,76202dd2-45de-4145-842b-b639d49dc5e0,FTP Service - Credential Weakness - 192.168.145.102:21,high,An FTP service was accessed with easily guessed credentials.,,,"Review the vulnerability details and apply security patches.

References:
- https://docs.microsoft.com/en-us/iis/configuration/system.applicationhost/sites/sitedefaults/ftpserver/security/authenticati",2026-05-11T19:37:53.126102
074ead98-5022-4771-9cac-2df6750a5587,76202dd2-45de-4145-842b-b639d49dc5e0,Postgresql Default Database - Enumeration - 192.168.145.102:5432,high,"postgres is the default database you will connect to before you have created any other databases.
",,,"Review the vulnerability details and apply security patches.

References:
- https://github.com/swisskyrepo/payloadsallthethings/blob/master/sql%20injection/postgresql%20injection.md#postgresql-databas",2026-05-11T19:37:53.126102
bba9bce1-eeaa-4453-b677-f1876824e30d,76202dd2-45de-4145-842b-b639d49dc5e0,vsftpd < 3.0.3 - DoS - 192.168.145.102:21,high,"vsftpd before 3.0.3 allows remote attackers to cause a denial of service by sending a crafted FTP command.


CVE IDs: cve-2021-30047",,,"Review the vulnerability details and apply security patches.

References:
- https://github.com/kuppamjohari/vsftpd-3.0.3-dos",2026-05-11T19:37:53.126101
b5504ce6-f4dc-4445-994d-06a9aaff8e58,76202dd2-45de-4145-842b-b639d49dc5e0,PostgreSQL File Read - 192.168.145.102:5432,high,"Read and list the files within the PostgreSQL database,
",,,"Review the vulnerability details and apply security patches.

References:
- https://github.com/swisskyrepo/payloadsallthethings/blob/master/sql%20injection/postgresql%20injection.md#postgresql-file-re",2026-05-11T19:37:53.126101
3d6695ee-02ee-443d-857f-0dac93851ae5,76202dd2-45de-4145-842b-b639d49dc5e0,vsftpd <= 3.0.2 - Access Restriction Bypass - 192.168.145.102:21,medium,"vsftpd 3.0.2 and earlier contain a vulnerability that allows remote attackers to bypass access restrictions due to improper parsing of the deny_file configuration directive.


CVE IDs: cve-2015-1419",,,Review the vulnerability details and apply security patches.,2026-05-11T19:37:53.126101
11a74467-0258-43e1-b97d-d69ee78b17bf,76202dd2-45de-4145-842b-b639d49dc5e0,Distccd v1 - Remote Code Execution - 192.168.145.102:3632,high,"distcc 2.x, as used in XCode 1.5 and others, when not configured to restrict access to the server port, allows remote attackers to execute arbitrary commands via compilation jobs, which are executed b",,,"Review the vulnerability details and apply security patches.

References:
- http://distcc.samba.org/security.html
- http://lists.samba.org/archive/distcc/2004q3/002550.html
- http://lists.samba.org/ar",2026-05-11T19:37:53.126100
ffaae962-509b-4894-b7d0-d85957a00fe4,76202dd2-45de-4145-842b-b639d49dc5e0,PostgreSQL List Password Hashes - 192.168.145.102:5432,high,"Dump password hashes in use within a PostgreSQL database.
",,,"Review the vulnerability details and apply security patches.

References:
- https://github.com/swisskyrepo/payloadsallthethings/blob/master/sql%20injection/postgresql%20injection.md#postgresql-list-pa",2026-05-11T19:37:53.126100
675e8aac-1d5a-47f5-a180-533a6807815f,76202dd2-45de-4145-842b-b639d49dc5e0,VSFTPD 2.3.4 - Backdoor Command Execution - 192.168.145.102:6200,critical,VSFTPD v2.3.4 had a serious backdoor vulnerability allowing attackers to execute arbitrary commands on the server with root-level access. The backdoor was triggered by a specific string of characters ,,,"Review the vulnerability details and apply security patches.

References:
- https://www.rapid7.com/db/modules/exploit/unix/ftp/vsftpd_234_backdoor/
- https://www.exploit-db.com/exploits/49757
- http:/",2026-05-11T19:37:53.126099
6939e6bf-3f3c-4b04-9ece-2c945f1b10d4,76202dd2-45de-4145-842b-b639d49dc5e0,SSH Weak Algorithms Supported - 192.168.145.102:22,medium,SSH weak algorithms are outdated cryptographic methods that pose security risks. Identifying and disabling these vulnerable algorithms is crucial for enhancing the overall security of SSH connections.,,,"Review the vulnerability details and apply security patches.

References:
- https://www.tenable.com/plugins/nessus/90317",2026-05-11T19:37:53.126099
3d5d05a0-32f1-4216-9f24-d6bbddd690fc,76202dd2-45de-4145-842b-b639d49dc5e0,PHP CGI v5.3.12/5.4.2 Remote Code Execution - http://192.168.145.102/index.php?-d+allow_url_include%3don+-d+auto_prepend_file%3dphp%3a//input,high,"sapi/cgi/cgi_main.c in PHP before 5.3.12 and 5.4.x before 5.4.2, when configured as a CGI script (aka php-cgi), does not properly handle query strings that lack an = (equals sign) character, which all",,,"Review the vulnerability details and apply security patches.

References:
- https://github.com/vulhub/vulhub/tree/master/php/cve-2012-1823
- https://nvd.nist.gov/vuln/detail/cve-2012-1823
- https://bu",2026-05-11T19:37:53.126096
f7725d2f-a23e-41af-a757-4e880a2722db,f162485d-a34f-45cf-a5e3-7f97cd3d5d92,Open port 80/tcp on 192.168.145.102,medium,Port 80/tcp is open running http (Apache httpd 2.2.8),,,Review if port 80 needs to be exposed. Consider firewall rules.,2026-05-11T19:36:09.006054
2f55d745-de67-47e3-b909-7bbaa1220099,65847b75-e7a8-4c58-8b89-72ff53ba9ec9,Potential SQL Injection detected on http://192.168.145.102/test_sqli.php?id=1,high,"SQLmap detected potential SQL injection vulnerabilities, but could not identify specific vulnerable parameters. Manual verification recommended.",,,Review application code for SQL injection vulnerabilities. Use parameterized queries and input validation.,2026-05-10T13:52:11.804764
b9b08794-7aa8-457c-9c97-e0a3182212d6,3376199f-6c02-433a-93d8-a7f9b4658051,Open port 3269/tcp on 192.168.145.10,low,Port 3269/tcp is open running tcpwrapped,,,Review if port 3269 needs to be exposed. Consider firewall rules.,2026-05-09T12:43:28.699779
af0bf5c7-6f32-4db5-ae21-fafe1b04d422,3376199f-6c02-433a-93d8-a7f9b4658051,Open port 5985/tcp on 192.168.145.10,low,Port 5985/tcp is open running http (Microsoft HTTPAPI httpd 2.0),,,Review if port 5985 needs to be exposed. Consider firewall rules.,2026-05-09T12:43:28.699779
41b81fa3-8a2b-4676-bac5-b31fd38a22e3,3376199f-6c02-433a-93d8-a7f9b4658051,Open port 3268/tcp on 192.168.145.10,low,Port 3268/tcp is open running ldap (Microsoft Windows Active Directory LDAP),,,Review if port 3268 needs to be exposed. Consider firewall rules.,2026-05-09T12:43:28.699778
495d3357-e1d0-4c31-9d8d-587ec8a87577,3376199f-6c02-433a-93d8-a7f9b4658051,Open port 636/tcp on 192.168.145.10,low,Port 636/tcp is open running tcpwrapped,,,Review if port 636 needs to be exposed. Consider firewall rules.,2026-05-09T12:43:28.699778
e1a08127-9a0a-4d60-87d3-1180431a9ac1,3376199f-6c02-433a-93d8-a7f9b4658051,Open port 445/tcp on 192.168.145.10,high,Port 445/tcp is open running microsoft-ds,,,Review if port 445 needs to be exposed. Consider firewall rules.,2026-05-09T12:43:28.699778
955d688a-8065-4293-8ede-5ea1dbeb2783,3376199f-6c02-433a-93d8-a7f9b4658051,Open port 139/tcp on 192.168.145.10,high,Port 139/tcp is open running netbios-ssn (Microsoft Windows netbios-ssn),,,Review if port 139 needs to be exposed. Consider firewall rules.,2026-05-09T12:43:28.699777
45671bec-6e24-4bfc-a2a0-8e3cd7cb0abd,3376199f-6c02-433a-93d8-a7f9b4658051,Open port 389/tcp on 192.168.145.10,low,Port 389/tcp is open running ldap (Microsoft Windows Active Directory LDAP),,,Review if port 389 needs to be exposed. Consider firewall rules.,2026-05-09T12:43:28.699777
08b3179a-94a2-4bc0-90b0-82b210b1d43c,3376199f-6c02-433a-93d8-a7f9b4658051,Open port 88/tcp on 192.168.145.10,low,Port 88/tcp is open running kerberos-sec (Microsoft Windows Kerberos),,,Review if port 88 needs to be exposed. Consider firewall rules.,2026-05-09T12:43:28.699776
d9e630f5-803e-41a4-aad2-3e88dc5aaad0,3376199f-6c02-433a-93d8-a7f9b4658051,Open port 135/tcp on 192.168.145.10,low,Port 135/tcp is open running msrpc (Microsoft Windows RPC),,,Review if port 135 needs to be exposed. Consider firewall rules.,2026-05-09T12:43:28.699776
005cbdb1-5206-47c9-ae28-1a0b876043d5,3376199f-6c02-433a-93d8-a7f9b4658051,Open port 53/tcp on 192.168.145.10,low,Port 53/tcp is open running domain (Simple DNS Plus),,,Review if port 53 needs to be exposed. Consider firewall rules.,2026-05-09T12:43:28.699774
a5546331-6c8c-4deb-8e80-64ede419243b,ececcc06-101d-45f9-a292-5b832e4126ab,SSH Weak Algorithms Supported - scanme.nmap.org:22,medium,SSH weak algorithms are outdated cryptographic methods that pose security risks. Identifying and disabling these vulnerable algorithms is crucial for enhancing the overall security of SSH connections.,,,"Review the vulnerability details and apply security patches.

References:
- https://www.tenable.com/plugins/nessus/90317",2026-05-09T12:08:55.274894
d3f886b5-ae08-4606-bb3f-3788822b4295,ececcc06-101d-45f9-a292-5b832e4126ab,OpenSSH Terrapin Attack - Detection - scanme.nmap.org:22,medium,"The SSH transport protocol with certain OpenSSH extensions, found in OpenSSH before 9.6 and other products, allows remote attackers to bypass integrity checks such that some packets are omitted (from ",,,"Review the vulnerability details and apply security patches.

References:
- https://github.com/rub-nds/terrapin-scanner
- https://terrapin-attack.com/
- http://packetstormsecurity.com/files/176280/ter",2026-05-09T12:08:55.274892
a25dbb2b-dc56-4325-b0b4-76df151b0ea4,42db33d4-d43e-4e3a-9d91-d7e64da27351,Open port 80/tcp on 192.168.145.133,medium,Port 80/tcp is open running http (Apache httpd 2.4.66),,,Review if port 80 needs to be exposed. Consider firewall rules.,2026-05-09T09:42:49.113379
d6fef7f1-547a-4dfc-bbd5-6f17032f1947,42db33d4-d43e-4e3a-9d91-d7e64da27351,Open port 22/tcp on 192.168.145.133,high,Port 22/tcp is open running ssh (OpenSSH 9.2p1 Debian 2+deb12u7),,,Review if port 22 needs to be exposed. Consider firewall rules.,2026-05-09T09:42:49.113377
